<?xml version='1.0' encoding='UTF-8'?>
<package version="0.0.1" uuid="nao_conditional_chat_final-400661">
 <names>
  <name lang="en_US">NAO_conditional_chat_final</name>
 </names>
 <supportedLanguages>
  <language>en_US</language>
 </supportedLanguages>
 <descriptionLanguages>
  <language>en_US</language>
 </descriptionLanguages>
 <contents>
  <behaviorContent path="behavior_1">
   <nature>interactive</nature>
   <permissions/>
  </behaviorContent>
  <behaviorContent path=".">
   <nature>interactive</nature>
   <permissions/>
  </behaviorContent>
 </contents>
</package>
